{
  "betweenness_centrality": [
    0.017186378683704883
  ],
  "modularity": [
    0.6430340920358875
  ],
  "assortativity": [
    -0.01496787614281516
  ],
  "participation": [
    0.3338087802911886
  ],
  "clustering": [
    232.03376369113167
  ],
  "nodal_strength": [
    120430.57024793388
  ],
  "local_efficiency": [
    92.38686596944811
  ],
  "global_efficiency": [
    109.69243971665871
  ],
  "density": [
    0.8849862258953168
  ],
  "rich_club": [
    0.7363846305569717
  ],
  "path_length": [
    78.50815221426365
  ],
  "edge_count": [
    3.0200122942421967
  ]
